DESYNPUF_ID,BENE_BIRTH_DT,BENE_DEATH_DT,BENE_SEX_IDENT_CD,BENE_RACE_CD,BENE_ESRD_IND,SP_STATE_CODE,BENE_COUNTY_CD,SP_ALZHDMTA,SP_CHF,SP_CHRNKIDN,SP_CNCR,SP_COPD,SP_DEPRESSN,SP_DIABETES,SP_ISCHMCHT,SP_OSTEOPRS,SP_RA_OA,SP_STRKETIA,BENE_HI_CVRAGE_TOT_MONS,BENE_SMI_CVRAGE_TOT_MONS,BENE_HMO_CVRAGE_TOT_MONS,PLAN_CVRG_MOS_NUM,MEDREIMB_IP,BENRES_IP,PPPYMT_IP,MEDREIMB_OP,BENRES_OP,PPPYMT_OP,MEDREIMB_CAR,BENRES_CAR,PPPYMT_CAR
BENE00000,19480906,,1,3,0,CA,06001,Y,Y,Y,N,Y,Y,Y,Y,Y,Y,Y,12,12,0,0,14320.39,2103.97,6292.8,3593.67,417.29,5215.8,6829.27,191.59,2958.3
BENE00001,19320618,,1,3,0,CA,06001,N,Y,N,N,N,Y,N,Y,N,Y,N,12,12,0,0,16588.09,1855.56,12925.6,4618.82,1056.86,274.95,2051.08,347.27,558.54
BENE00002,19300611,20100217,2,3,Y,CA,06001,Y,N,N,Y,N,Y,Y,Y,Y,N,N,12,12,0,0,5398.96,2776.17,10322.43,1756.92,486.42,4609.88,503.44,986.16,5635.32
BENE00003,19371229,,2,9,0,CA,06001,N,N,N,Y,N,Y,Y,N,N,N,N,12,12,0,0,4386.42,2992.61,7642.89,727.28,70.67,657.89,5647.01,950.5,2955.12
BENE00004,19221106,,2,5,Y,CA,06001,Y,Y,N,N,Y,N,N,Y,N,Y,N,12,12,0,0,19437.76,2285.89,7615.23,851.29,937.95,5050.02,4568.97,238.69,2617.4
BENE00005,19900101,19850101,1,5,Y,CA,06001,N,Y,Y,N,N,Y,Y,Y,Y,Y,N,12,12,0,0,16320.47,2933.95,7990.59,1006.08,989.63,5681.09,1486.14,633.21,4246.16
BENE00006,19290702,20090215,2,3,Y,CA,06001,N,N,Y,Y,Y,Y,N,Y,Y,Y,Y,12,12,0,0,1419.86,1893.31,3434.13,7243.36,1289.45,425.14,2142.04,802.77,1499.66
BENE00007,19251207,20100826,2,2,Y,CA,06001,Y,Y,Y,N,N,N,N,N,Y,Y,Y,12,12,0,0,8052.43,1017.91,12925.09,1989.25,285.31,2691.68,3796.93,334.25,1748.65
BENE00008,19230520,,1,5,0,CA,06001,Y,Y,Y,Y,N,N,N,Y,N,Y,Y,12,12,0,0,7579.46,2955.93,3978.05,6272.56,682.51,2538.04,8615.86,1194.51,3890.38
BENE00009,19411030,,1,3,0,CA,06001,Y,N,Y,Y,N,Y,Y,Y,Y,Y,Y,12,12,0,0,13504.25,705.61,1798.3,7122.3,369.32,3567.11,5574.43,503.07,4085.71
BENE00010,19430614,,1,3,Y,CA,06001,Y,N,N,Y,N,N,N,Y,Y,N,Y,12,12,0,0,1465.21,639.46,3978.01,7466.08,1321.3,5275.62,3325.74,189.3,5836.21
BENE00011,19330727,,1,5,Y,CA,06001,Y,Y,N,Y,Y,Y,N,N,Y,N,Y,12,12,0,0,13749.94,2558.74,7581.14,2008.97,1362.24,304.79,5708.56,995.22,308.61
